customer_id,Customer_name,Customer_tel
1,Caryl,931-646-7770
2,Dasi,785-312-5090
3,Nadeen,200-766-1313
4,Rosalie,646-297-8528
5,Chic,788-985-1642
6,Jany,654-222-0324
7,Nellie,301-935-0311
8,Fiorenze,396-675-3811
9,Susanetta,457-869-7879
10,Keefer,673-220-3893
11,Francene,496-988-3921
12,Amabelle,472-802-9679
13,Gilda,626-510-3806
14,Tonye,404-586-0503
15,Ivonne,214-453-1150
16,Mikol,615-529-1705
17,Shawna,480-513-6743
18,Maude,447-153-2550
19,Marcella,669-834-3787
20,Reinwald,682-718-3924
21,Maxy,227-689-1248
22,Timmy,200-624-5350
23,Corly,758-543-0854
24,Hattie,504-265-7244
25,Trumaine,280-484-7958
26,Rene,478-385-0341
27,Paula,201-341-1270
28,Kaile,654-352-0181
29,Elisa,469-868-7047
30,Carmella,288-301-6635
31,Darwin,591-295-4139
32,Kasper,143-474-0083
33,Kym,805-304-2707
34,Vivianna,858-731-5896
35,Bertina,978-680-6071
36,Nissa,978-348-8728
37,Nerte,786-425-0371
38,Seumas,837-723-2086
39,Deni,487-321-3468
40,Melvin,258-319-0182
41,Roana,224-313-2478
42,Woodman,844-770-7632
43,Laurianne,147-475-4626
44,Archibaldo,188-958-2771
45,Erina,689-148-8973
46,Ronalda,557-367-0438
47,Pris,170-931-0657
48,Michaela,156-349-8779
49,Ali,239-101-1322
50,Prescott,935-371-3830
51,Reilly,572-354-6474
52,Alexi,222-376-8536
53,Cal,107-272-7914
54,Tymothy,448-885-1670
55,Myrna,924-313-8069
56,Steffi,515-765-9969
57,Abner,236-440-9024
58,Celeste,211-874-8914
59,Mufi,828-106-6894
60,Tine,441-468-3487
61,Carmelita,331-543-0746
62,Elane,410-627-5945
63,Peyton,618-725-8482
64,Dorree,874-434-9915
65,Sharla,944-268-7099
66,Daisy,992-386-8450
67,Marti,917-155-0456
68,Leicester,449-648-8088
69,Doralynne,321-364-0144
70,Sharline,252-610-4919
71,Devondra,174-906-5677
72,Darin,668-779-6867
73,Cordie,708-406-2694
74,Trip,667-264-7021
75,Trstram,681-946-0549
76,Thorin,285-354-2752
77,Twyla,938-342-6053
78,Gardner,672-306-7101
79,Patrizio,639-472-1620
80,Trevar,393-404-1208
81,Petronia,848-537-7395
82,Hersch,628-874-2921
83,Jonathan,201-310-0901
84,Cristabel,637-460-9806
85,Mathew,118-883-8474
86,Alvie,719-945-2334
87,Lynda,623-498-2413
88,Ophelie,182-745-2679
89,Bride,148-495-3095
90,Cass,690-422-9789
91,Judas,866-139-6067
92,Rose,946-532-8813
93,Lari,672-833-1294
94,Robinette,215-389-2418
95,Luella,312-614-7904
96,Gardie,148-860-6798
97,Randi,412-926-6795
98,Anita,583-686-2942
99,Carie,543-794-1492
100,Charlotte,232-803-9929
101,Cathe,618-290-5830
102,Rhianna,350-672-1969
103,Ethelda,678-150-6941
104,Othello,945-469-6998
105,Aggy,694-935-2015
106,Vitoria,281-520-3009
107,Cass,939-320-7676
108,Angeli,565-623-1589
109,Winnifred,333-925-0433
110,Bobbye,146-683-5087
111,Annadiana,135-782-2771
112,Veronica,675-554-0558
113,Mozes,403-230-8068
114,Ileane,504-848-8083
115,Kyle,142-928-5196
116,Dagmar,299-884-5163
117,Alberta,665-673-7537
118,Shermy,363-366-4109
119,Hewitt,238-366-7129
120,Willamina,749-704-4891
121,Gnni,306-757-4018
122,Kerrill,690-315-3378
123,Karel,994-299-6380
124,Ruthanne,839-914-5811
125,Brigitte,332-228-6524
126,Blake,551-689-3314
127,Bibbie,334-287-6700
128,Almeda,856-685-1052
129,Agnola,468-636-8135
130,Will,113-789-0679
131,Moselle,175-547-4950
132,Evered,503-139-3722
133,Uriah,465-107-4174
134,Marvin,310-859-1353
135,Beilul,827-705-6573
136,Bevan,300-371-3982
137,Hiram,866-909-1107
138,Myrlene,387-759-1868
139,Gerardo,486-982-5593
140,Alain,393-107-9570
141,Nola,638-853-1933
142,Mercy,298-309-4280
143,Analiese,374-321-5190
144,Tory,745-694-9646
145,Smitty,370-460-6992
146,Melita,883-337-4751
147,Wilie,261-804-7696
148,Aileen,230-565-3856
149,Seth,744-865-1723
150,Skipper,260-728-8309
151,Ronnica,369-405-5397
152,Pooh,279-845-0995
153,Raquela,652-511-2340
154,Gilly,601-731-6596
155,Mordy,890-215-3310
156,Boote,598-456-4003
157,Celisse,733-561-3622
158,Shir,879-294-8540
159,Kanya,876-389-9447
160,Myca,721-841-1101
161,Homere,206-863-8803
162,Bettina,186-379-3309
163,Corabella,634-791-9802
164,Lita,752-657-6657
165,Annissa,189-309-2056
166,Vinny,574-363-7505
167,Barton,137-111-3422
168,Arline,296-135-8706
169,Westbrooke,193-349-9562
170,Kiley,881-872-1893
171,Meggie,286-751-2052
172,Dill,626-654-8809
173,Lorrie,381-369-7371
174,Dougie,298-845-7760
175,Chaim,278-533-5279
176,Alberik,730-384-0789
177,Ricky,548-158-0644
178,Drud,680-870-8188
179,Ophelia,449-931-1370
180,Joey,881-619-5192
181,Marilee,287-536-1194
182,Nara,600-310-3591
183,Waverly,640-406-0050
184,Crawford,100-986-9159
185,Helena,568-539-2141
186,Hailey,633-275-6021
187,Chase,127-480-3557
188,Phil,577-737-8335
189,Sammie,958-479-1031
190,Rudiger,727-568-9439
191,Orland,317-815-0314
192,Myrlene,891-242-7641
193,Delly,141-653-7471
194,Gerek,786-260-6657
195,Myca,291-570-4862
196,Hally,266-865-0632
197,Michelina,542-483-9069
198,Eldredge,125-939-5531
199,Brynne,994-758-5071
200,Karole,653-663-2476
201,Tremayne,297-176-8635
202,Glynis,415-304-6421
203,Dom,186-188-1021
204,Dexter,379-967-5644
205,Herold,710-385-5526
206,Valentine,877-420-5424
207,Merrile,531-602-5253
208,Jessalyn,427-706-0247
209,Catarina,818-744-7806
210,Karlene,361-862-3281
211,Keven,690-372-8377
212,Dorolisa,722-387-6077
213,Kenton,740-561-0478
214,Blithe,668-408-6432
215,Jeanette,404-780-6117
216,Maddie,350-496-3702
217,Verna,786-385-2167
218,Nikolia,741-407-8358
219,Jennine,865-431-7976
220,Liva,360-242-9069
221,Quentin,371-864-1083
222,Cariotta,195-177-2253
223,Seamus,937-887-9245
224,Kirsti,673-662-5771
225,Harriott,838-650-7745
226,Gus,332-924-3485
227,Ambrosi,686-306-0663
228,Major,628-265-7720
229,Brodie,222-809-2103
230,Louisette,711-364-4540
231,Tymon,856-732-3242
232,Kayle,153-777-9538
233,Johan,728-405-8973
234,Janot,118-389-0559
235,Kara,293-196-9325
236,Jeana,160-409-1017
237,Meaghan,754-386-3304
238,Artus,815-878-2090
239,Melisse,190-148-8160
240,Miguela,866-231-0570
241,Marylin,442-837-4465
242,Vivie,244-399-5594
243,Lilli,512-667-8620
244,Becca,645-460-0013
245,Dorris,825-939-9763
246,Beverlee,795-223-0663
247,Toma,945-361-6196
248,Ludovico,721-811-4151
249,Gallagher,713-438-7073
250,Gene,933-145-9881
251,Nadiya,816-287-3246
252,Augusta,959-671-6677
253,Dorella,446-660-6193
254,Jemmie,190-799-4422
255,Raina,690-290-9256
256,Shoshana,766-234-2067
257,Fitz,583-971-4903
258,Brigham,299-352-8397
259,Craggie,304-725-5662
260,Edsel,728-833-7588
261,Lance,120-477-0638
262,Dun,214-240-1164
263,Hollis,317-109-2383
264,Thomasin,241-530-7048
265,Joycelin,980-229-0803
266,Geoff,689-440-2275
267,Aridatha,672-315-4825
268,Amalia,688-543-2337
269,Kary,267-754-7944
270,Auberta,886-334-8953
271,Katrine,989-820-0503
272,Pail,695-122-7993
273,Cindelyn,895-656-3639
274,Hoyt,234-441-5472
275,Flore,445-885-8003
276,Bax,322-940-9418
277,Jonas,937-652-2127
278,Brenn,390-658-6645
279,Vidovic,781-268-3808
280,Delbert,220-269-9918
281,Fawne,220-497-1619
282,Sophronia,481-602-6240
283,Tim,547-249-8007
284,Vida,862-394-0853
285,Trevar,227-295-3095
286,Betsy,476-347-8479
287,Sebastien,605-236-4384
288,Robina,307-603-7064
289,Annmaria,150-255-1715
290,Hoyt,757-821-8020
291,Ara,489-843-9016
292,Maren,685-740-5841
293,Shellie,268-730-3838
294,Charleen,714-645-8352
295,Adrian,754-112-5672
296,Northrup,386-150-0978
297,Taryn,174-456-3460
298,Florance,750-469-5017
299,Inez,810-778-6259
300,Perl,588-741-0801
301,Wilfred,978-643-6564
302,Ibbie,471-260-5398
303,Gabey,856-859-2805
304,Electra,446-165-7091
305,Hamnet,401-958-2641
306,Caralie,216-553-2185
307,Giles,191-629-9057
308,Kalil,623-106-0400
309,Brody,160-146-2253
310,Rip,962-940-0510
311,Odilia,421-727-4466
312,Elroy,772-831-1471
313,Merola,516-528-1197
314,Libby,682-699-8037
315,Dougy,919-819-3750
316,Siegfried,724-309-7992
317,Hollyanne,634-457-7138
318,Cicely,494-893-8299
319,Belvia,833-143-6333
320,Heida,324-748-9765
321,Valentino,193-443-2790
322,Kirsten,223-441-6819
323,Barty,947-469-2051
324,Courtenay,981-926-4519
325,Nataline,270-459-8961
326,Britte,674-993-4301
327,Hort,562-443-5294
328,Carrol,422-332-6526
329,Fionna,846-932-7061
330,Roz,293-739-0286
331,Odetta,664-112-1185
332,Babb,173-278-8759
333,Mort,829-830-9876
334,Bonnee,809-627-6349
335,Jessy,646-493-2490
336,Cindee,264-671-3472
337,Alfy,857-973-8153
338,Cam,731-139-9140
339,Gretel,442-179-1211
340,Jenn,349-896-3516
341,Terrye,481-909-8403
342,Harley,480-747-3416
343,Dallas,466-850-7945
344,Abbey,494-986-9294
345,Elysha,801-788-9094
346,Waldo,288-923-9193
347,Frazier,594-677-7949
348,Wilmer,939-148-0940
349,Mannie,958-707-5611
350,Verile,249-227-7058
351,Margot,487-245-7964
352,Clayson,301-492-0715
353,Valentia,736-734-0137
354,Willy,306-180-4810
355,Carla,377-943-6038
356,Edin,487-544-0048
357,Eleanore,186-776-4997
358,Cord,194-787-9448
359,Deana,544-859-3567
360,Merry,277-782-4611
361,Mariann,942-395-7098
362,Hayward,957-480-6530
363,Haily,875-946-1845
364,Olin,205-670-9322
365,Sile,509-792-8620
366,Rees,257-756-4588
367,Barr,749-116-5985
368,Marcellina,353-659-4753
369,Hertha,277-474-4636
370,Sela,159-848-0104
371,Winfred,333-281-0571
372,Elna,354-253-3066
373,Hieronymus,633-677-2450
374,Ardelis,748-163-7978
375,Rinaldo,896-992-4398
376,Davidde,592-593-7416
377,Armando,587-888-6794
378,Hanny,426-471-3351
379,Brina,604-650-6778
380,Farah,315-445-1887
381,Buddy,553-819-6527
382,Roscoe,127-374-8088
383,Gabriell,703-915-4944
384,Dolf,568-609-6377
385,Teri,948-453-4143
386,Symon,505-726-2297
387,Weston,293-696-0508
388,Amberly,260-539-4250
389,Anabal,132-295-0401
390,Karly,844-249-2154
391,Ive,389-124-6057
392,Ruby,160-652-6440
393,Way,801-235-7964
394,Travers,203-449-4061
395,Carley,418-916-3112
396,Hernando,396-293-2301
397,Saxe,317-147-8168
398,Dolph,938-884-3800
399,Anett,979-162-1505
400,Lidia,872-851-9623
401,Saxon,601-618-1763
402,Wendye,304-794-0194
403,Nataline,262-978-3540
404,Anne,392-856-8101
405,Meggy,932-262-7635
406,Chrysler,634-771-1540
407,Giavani,241-548-2379
408,Kendal,733-925-8075
409,Teresina,982-707-6687
410,Sibel,867-314-8103
411,Wallas,210-986-7944
412,Myranda,160-585-3674
413,Lory,156-984-4265
414,Rolando,572-654-7148
415,Lindsey,602-837-1795
416,Kerk,829-687-2863
417,Leupold,938-822-2648
418,Herold,768-614-8101
419,Stillman,306-744-2384
420,Raynor,553-839-2254
421,Imojean,869-636-6121
422,Archy,342-137-2786
423,Jackie,527-244-6759
424,Evania,649-662-9477
425,Jacintha,744-601-4486
426,Malynda,583-646-2894
427,Marietta,163-432-6784
428,Sayre,520-402-0565
429,Adrianne,331-899-8209
430,Xymenes,282-302-4479
431,Fallon,973-429-9960
432,Rana,267-837-5623
433,Joete,983-479-3853
434,Cassy,463-716-1796
435,Drew,153-199-3472
436,Gery,655-487-7671
437,Lorinda,998-742-0326
438,Ainslee,927-581-7439
439,Lonnie,996-130-1363
440,Bartholemy,191-550-0044
441,Barbette,728-476-5483
442,Jodi,317-440-6561
443,Andre,993-771-3392
444,Hagan,305-123-2872
445,Zola,498-741-9840
446,Emanuele,668-575-8030
447,Alexis,170-238-8716
448,Sharia,520-106-6115
449,Freddie,418-365-1546
450,Arlyn,298-703-0013
451,Tomkin,630-321-9480
452,Gabriel,678-354-0638
453,Darryl,748-579-8264
454,Karlan,433-554-0467
455,Pate,623-409-4208
456,Shay,117-237-9540
457,Anetta,217-756-6942
458,Lou,912-695-2640
459,Jeremias,838-821-5827
460,Shaine,375-940-9277
461,Catlaina,974-692-9297
462,Guenna,429-705-6402
463,Megen,362-117-0076
464,Skipp,409-751-9800
465,Gil,773-415-7464
466,Pincus,239-359-5832
467,Petrina,791-985-3646
468,Ericka,438-984-7244
469,Andros,717-759-3053
470,Eolanda,834-628-2265
471,Mordy,239-176-6830
472,Julita,785-258-7650
473,Karen,759-664-2643
474,Ephrem,531-395-5899
475,Deeyn,772-999-4737
476,Dinah,145-919-7452
477,Corbett,818-290-2550
478,Essy,710-665-7613
479,Leigh,499-177-5028
480,Gwen,516-873-0677
481,Inger,766-663-7854
482,Krissie,313-680-9874
483,Dicky,707-383-6099
484,Reggy,591-987-0716
485,Enos,845-747-4752
486,Vernor,273-756-0655
487,Ingrid,424-607-9488
488,Parrnell,709-747-2164
489,Cris,428-113-2152
490,Alec,353-457-9966
491,Robbie,338-990-3576
492,Prinz,319-642-2238
493,Rebeca,195-798-6669
494,Brannon,505-137-6552
495,Quintilla,371-753-6756
496,Cary,789-438-1310
497,Holly-anne,569-168-5801
498,Quincey,824-586-0473
499,Lucienne,153-625-8200
500,Birgit,768-177-5899
501,Julia,738-858-4944
502,Ermin,963-736-6939
503,Janaye,255-483-4839
504,Lucien,851-415-2547
505,Katusha,344-701-2265
506,Silvio,861-827-0935
507,Adolf,359-129-2739
508,Karia,939-806-2318
509,Eleen,866-150-5519
510,Brandais,714-986-7580
511,Maxy,159-179-6128
512,Chris,431-790-0558
513,Jorry,910-108-2346
514,Coop,187-653-3159
515,Alix,151-895-4892
516,Wilona,439-848-3676
517,Malchy,457-150-3361
518,Alva,583-934-0786
519,Elfrieda,865-657-0158
520,Gayleen,188-301-7884
521,Anastassia,663-315-9257
522,Clare,512-243-6551
523,Jaimie,559-127-5522
524,Thorndike,833-358-1964
525,Ameline,918-864-7475
526,Lauraine,428-754-6247
527,Goldy,291-898-7571
528,Harmonia,620-373-7087
529,Fanchon,897-735-0090
530,Ev,772-401-7896
531,Matias,168-395-0446
532,Dorthea,102-628-2172
533,Brianna,141-394-3678
534,Jolie,909-426-1652
535,Lyndsey,403-877-0961
536,Bebe,431-207-8401
537,Roshelle,601-471-4923
538,Octavia,642-575-9187
539,Tallou,339-513-9809
540,Seth,555-118-8264
541,Hamish,502-779-3646
542,Ysabel,225-259-6919
543,Paolina,202-479-8203
544,Freda,213-148-0279
545,Herminia,863-325-5718
546,Blancha,400-838-1138
547,Kenyon,708-384-1422
548,Bald,760-804-8888
549,Agosto,539-455-8654
550,Steffane,604-397-0719
551,Marian,120-248-5388
552,Doralynn,720-514-1976
553,Gerek,328-347-8240
554,Marj,250-561-2518
555,Lucia,262-887-8221
556,Akim,304-293-0172
557,Jeddy,710-538-6197
558,Scarface,235-759-6738
559,Electra,320-701-2188
560,Rodina,852-716-7876
561,Cybil,247-386-1901
562,Caria,188-894-0994
563,Bond,374-776-6058
564,Nilson,524-835-1716
565,Orly,961-430-5859
566,Becka,327-182-4783
567,Ransom,256-611-1650
568,Jeddy,423-583-0447
569,Mortimer,995-450-5362
570,Charyl,211-155-6499
571,Candida,934-579-3846
572,Rania,348-570-8180
573,June,265-153-5161
574,Belinda,828-462-8596
575,Ediva,125-977-9872
576,Jocko,385-203-3203
577,Rochette,185-151-7229
578,Jere,674-546-3885
579,Clair,468-487-6302
580,Nata,671-548-9376
581,Claire,317-180-2363
582,Eugenie,655-357-7517
583,Jocko,947-988-9422
584,Korrie,312-633-0564
585,Sharai,671-801-6284
586,Kata,688-622-0561
587,Noach,229-274-2463
588,Bili,457-386-9359
589,Eloisa,571-211-8617
590,Sonnie,895-426-9566
591,Karrie,808-317-6640
592,Shayne,188-912-6749
593,Andrew,304-256-2304
594,Flint,446-999-3104
595,Arleta,938-188-6040
596,Meir,203-513-9486
597,Morganica,590-950-1740
598,Ivett,102-795-2328
599,Garik,384-248-5311
600,Bryna,911-592-3918
601,Sigismond,646-882-7279
602,Sue,527-735-4033
603,Gayelord,156-903-6999
604,Martino,209-828-1514
605,Abigail,828-193-1932
606,Maybelle,577-430-9405
607,Blake,117-474-0654
608,Cleve,418-723-7215
609,Trixy,358-683-9671
610,Enrika,250-928-0801
611,Meryl,132-102-8423
612,Tiffy,343-880-0298
613,Tina,998-467-6795
614,Mahalia,749-881-8608
615,Guillema,750-738-7528
616,Janos,729-382-9859
617,Homere,175-260-6547
618,Karl,706-375-8518
619,Jess,724-145-0446
620,Mason,883-884-8590
621,Nessa,785-696-4887
622,Bess,782-794-7554
623,Theressa,907-453-2648
624,Kora,348-375-9338
625,Gray,487-892-0715
626,Boothe,329-628-1753
627,Rhodie,913-203-5906
628,Antony,680-433-7937
629,Tessie,598-306-2536
630,Warren,809-871-3895
631,Felice,951-776-4159
632,Nefen,963-720-1290
633,Lauritz,976-115-3325
634,Collen,401-121-0542
635,Felicity,206-642-8691
636,Sloan,295-501-9630
637,Marni,819-508-4624
638,Francklyn,440-453-8572
639,Clarinda,230-145-3292
640,Devland,160-993-7888
641,Garrek,556-887-9513
642,Hilary,330-618-4319
643,Eba,160-610-4413
644,Giana,274-363-8442
645,Toby,721-190-9805
646,Jorrie,896-622-1095
647,Carney,143-592-4065
648,Emile,962-210-5761
649,Yvor,746-193-2461
650,Cissiee,598-231-1504
651,Raine,334-419-0704
652,Rheba,445-657-4658
653,Krissy,729-153-5358
654,Karlyn,810-977-5358
655,Ardith,238-968-9515
656,Lucian,859-402-1429
657,Genvieve,488-321-3487
658,Gilberta,445-754-3672
659,Freemon,479-654-6536
660,Francesco,460-776-0805
661,Lorine,114-711-0130
662,Blanch,290-100-0327
663,Rebecka,801-623-7480
664,Fowler,660-779-3715
665,Lucio,272-846-5869
666,Patrice,568-965-6235
667,Toby,250-481-8246
668,Curt,969-899-7443
669,Lorraine,883-102-0260
670,Jewel,786-598-1451
671,Gretal,542-119-0818
672,Thaddeus,951-502-7575
673,Katine,670-256-1834
674,Rodd,536-590-8620
675,Harrietta,499-767-3613
676,Griselda,872-390-7692
677,Latrena,132-833-0984
678,Josephina,421-421-9949
679,Moria,575-681-7831
680,Sib,570-810-6593
681,Nonie,888-707-8603
682,Ford,201-400-8450
683,Hilario,671-493-8580
684,Odelinda,863-810-0095
685,Maddie,346-230-0852
686,Mikael,781-926-0479
687,Conway,759-793-7323
688,Neely,524-466-3945
689,Roseann,611-217-5748
690,Carley,686-784-9818
691,Kristoffer,824-985-9465
692,Latrina,637-242-0399
693,Lexy,655-547-9647
694,Jemmie,800-966-9884
695,Wilt,164-256-1264
696,Basilius,235-998-0428
697,Renado,566-119-9622
698,Thacher,682-459-1052
699,Gardner,900-769-4387
700,Seth,898-191-4338
701,Florie,733-703-8695
702,Yale,665-588-7165
703,Gearalt,915-379-2100
704,Willem,712-552-0303
705,Dasha,295-738-7578
706,Deny,331-954-3533
707,Eddie,330-388-4948
708,Thornie,866-197-8105
709,Patience,142-904-8626
710,Quentin,888-190-9241
711,Fransisco,756-467-2268
712,Abby,479-205-5007
713,Abbot,328-584-1830
714,Karylin,472-719-9038
715,Doroteya,374-955-7942
716,Caryn,726-178-3749
717,Elmore,775-505-4085
718,Kristopher,516-914-8178
719,Hyacinth,538-200-2851
720,Halley,206-723-7980
721,Pammy,106-708-3564
722,Chance,258-524-6237
723,Drugi,686-264-3076
724,Homere,425-543-1206
725,Sybilla,255-514-3356
726,Faber,423-301-4959
727,Gertrudis,734-974-7538
728,Anne-marie,162-609-8118
729,Theressa,667-515-2744
730,Malena,408-826-0098
731,Theodoric,633-300-5005
732,Rosemary,587-910-9010
733,Adelind,183-685-9116
734,Elladine,530-338-0726
735,Evelina,833-585-7696
736,Tina,268-941-9350
737,Keene,540-243-5286
738,Dacie,301-344-5938
739,Maurine,974-925-3829
740,Dalis,711-516-5940
741,Sol,903-537-9534
742,Fonzie,603-384-3631
743,Sutton,635-829-3014
744,Jennine,687-813-0981
745,Lulu,442-335-3178
746,Gamaliel,702-994-6885
747,Baudoin,757-662-5487
748,Bryant,651-130-3303
749,Jemima,584-842-0870
750,Ignaz,456-404-9263
751,Sephira,480-764-5161
752,Shannan,714-350-1660
753,Felipe,960-190-1773
754,Conroy,277-780-2725
755,Vincenz,351-917-5818
756,Wilma,943-543-3721
757,Aggi,626-572-0187
758,Lita,893-731-8826
759,Kissiah,565-520-9262
760,Caresa,707-528-7191
761,Sherman,811-131-7824
762,Charin,227-110-6510
763,Stanislaw,195-844-2810
764,Ronny,698-244-6110
765,Elsinore,218-552-2378
766,Erny,137-909-3830
767,Vinny,907-227-8109
768,Kristofor,535-314-3913
769,Reinhard,603-854-6455
770,Kingston,702-402-8772
771,Jilleen,590-347-6294
772,Sylvan,249-511-0680
773,Charis,396-718-8292
774,Dorella,946-942-8715
775,Rod,117-745-5793
776,Kennan,873-300-3245
777,Gaby,580-111-4514
778,Faith,533-547-1422
779,Charin,157-762-5789
780,Jasun,485-500-7095
781,Tisha,429-889-7772
782,Tamra,361-810-2962
783,Bellina,436-721-7549
784,Elmo,433-916-1774
785,Aile,870-652-4181
786,Margette,980-968-8319
787,Caryl,688-935-5305
788,Michele,937-947-1697
789,Trevar,316-634-8485
790,Viviana,416-675-0410
791,Isiahi,972-321-1930
792,Ozzie,687-873-7851
793,Lynett,312-214-1613
794,Michel,490-545-7646
795,Spike,613-301-3008
796,Ramonda,975-674-4734
797,Pat,569-812-6032
798,Clarine,680-620-4215
799,Johannah,966-919-8252
800,Berke,818-821-0808
801,Hercules,910-265-2989
802,Margarete,383-734-4166
803,Lyndy,128-847-4697
804,Marline,639-636-6917
805,Harlene,959-630-9445
806,Rafaelita,385-949-4597
807,Eamon,822-339-3396
808,Harp,886-451-2764
809,Kimmy,109-372-4292
810,Brendan,699-990-8278
811,Onfroi,201-436-8283
812,Mose,802-472-2639
813,Gertrud,501-252-5507
814,Jule,967-371-7353
815,Roda,559-217-2984
816,Kelcey,937-476-1934
817,Betteann,642-717-3981
818,Griffy,374-717-0551
819,Raquel,541-969-6709
820,Sacha,922-547-0799
821,Umeko,445-357-8744
822,Reginauld,924-920-3804
823,Horatius,501-633-4443
824,Onofredo,216-820-0742
825,Luella,313-598-4535
826,Hamid,386-627-3939
827,Faye,360-448-7652
828,Aurelie,615-485-6037
829,Christoper,337-828-2183
830,Adelind,327-868-3395
831,Mariann,799-300-2882
832,Broderick,214-659-8474
833,Garland,643-642-0643
834,Jase,772-911-5445
835,Fan,819-438-5746
836,Lyle,801-888-1396
837,Rafael,395-196-4154
838,Whit,904-818-3443
839,Dougy,784-620-6093
840,Barth,240-398-1899
841,Marya,916-821-9182
842,Anthia,359-937-7979
843,Rochelle,850-892-5392
844,Odilia,635-654-6918
845,Donica,846-223-2148
846,Luella,294-558-0660
847,Florenza,739-698-6808
848,Colline,829-693-0400
849,Emlyn,507-900-4173
850,Vivianne,239-810-6193
851,Samson,457-201-4242
852,Holden,457-683-2190
853,Isadora,403-282-6129
854,Thelma,602-618-9596
855,Kara,683-310-6879
856,Mariya,327-175-1107
857,Jolie,526-116-6389
858,Dudley,772-756-7359
859,Damon,196-241-9472
860,Jori,173-407-4300
861,Smitty,989-399-8676
862,Edie,563-867-0351
863,Marice,397-775-8712
864,Lea,638-557-0399
865,Bertina,384-424-6446
866,Jedidiah,318-254-9574
867,Reeta,281-146-5842
868,Barnebas,810-388-9601
869,Shandra,811-136-8126
870,Gill,937-354-6338
871,Lezlie,493-868-4784
872,Ruperto,374-735-4449
873,Athene,345-656-5320
874,Dall,662-969-6309
875,Prentice,564-799-0121
876,Ode,539-518-6933
877,Theodore,361-964-1288
878,Alvan,984-769-9349
879,Barbette,683-466-9005
880,Deedee,865-703-8675
881,Brana,310-474-1248
882,Omero,756-841-6973
883,Dorine,571-395-6572
884,Wilhelmina,453-104-3015
885,Agnola,359-319-9072
886,Sly,368-758-8373
887,Winston,571-486-3806
888,Wernher,267-373-6483
889,Grove,936-998-0385
890,Tamera,639-106-6066
891,Bryana,744-677-9958
892,Levy,809-860-5558
893,Nanny,882-998-6736
894,Brittani,645-238-2373
895,Talyah,979-720-9678
896,Jackie,410-267-6457
897,Celene,612-364-6789
898,Marianna,906-686-7395
899,Rafael,828-921-8010
900,Maybelle,639-196-8881
901,Kaja,493-449-6052
902,Gideon,431-388-2756
903,Lulu,669-192-4907
904,Darcy,957-631-5675
905,Ivan,714-450-7551
906,Barbe,711-287-4102
907,Dunstan,884-275-7028
908,Riane,175-232-6325
909,Lauralee,190-128-1739
910,Jackelyn,370-144-8153
911,Dasha,646-677-6752
912,Marie-ann,940-195-5262
913,Humfrid,567-733-2407
914,Jule,911-923-1570
915,Dall,995-563-0433
916,Beatrix,750-303-3228
917,Bartholemy,839-373-0289
918,Willdon,719-689-6030
919,Charmian,153-985-3091
920,Jannel,452-836-5283
921,Johnna,743-155-9121
922,Denny,928-493-9193
923,Jory,966-460-3608
924,Joachim,180-133-8427
925,Christy,552-752-5046
926,Wallache,537-493-4406
927,Janetta,344-405-2563
928,Salomi,769-541-8992
929,Bonnie,133-506-2461
930,Natassia,432-489-1458
931,Natale,911-476-6896
932,Cameron,919-900-8913
933,Olimpia,652-178-3587
934,Kameko,439-210-7129
935,Rora,262-503-5658
936,Ashil,946-289-7940
937,Bel,520-809-4637
938,Collin,982-392-9069
939,Fancy,517-522-4604
940,Nanni,958-520-9845
941,Britney,791-961-1347
942,Hettie,487-102-0008
943,Matti,753-332-2675
944,Alaine,252-623-6011
945,Ronald,848-124-0754
946,Laverna,499-917-7137
947,Edik,786-238-8927
948,Meryl,834-234-2881
949,Shay,858-742-9942
950,Martin,153-627-1767
951,Torie,762-196-7982
952,Galvin,566-520-0423
953,Randy,913-431-4533
954,Ansel,983-497-9598
955,Oralee,173-474-5489
956,Jarrod,915-728-5290
957,Kristel,262-733-9004
958,Selia,312-550-9677
959,Therine,983-258-6058
960,Cly,358-482-1764
961,Monte,269-677-8922
962,Clarissa,305-314-5368
963,April,458-731-9249
964,Madalyn,123-111-8450
965,Gretchen,425-657-8098
966,"La verne",627-621-7252
967,Harriet,867-737-1632
968,Honor,985-636-5895
969,Bev,484-893-7097
970,Jilli,713-948-0555
971,Donal,654-616-8031
972,Lief,914-934-3144
973,Eloisa,755-492-3981
974,Mayne,886-868-0155
975,Bella,289-522-9078
976,Tomi,633-691-7708
977,Francisca,674-252-5396
978,Justina,885-522-2335
979,Lurleen,402-464-9661
980,Gabbie,105-268-7171
981,Mirabelle,423-293-9006
982,Gusty,944-913-5288
983,Mitchel,466-173-7382
984,Rockey,401-722-0310
985,Nicol,523-269-5010
986,Mariska,364-265-2163
987,Roobbie,792-589-2204
988,Goldie,296-215-1158
989,Danica,828-884-5955
990,Cherie,681-726-6689
991,Vicky,432-794-8204
992,Phoebe,477-647-6494
993,Dolores,684-579-4474
994,Jackqueline,364-831-8662
995,Andrea,616-559-2766
996,Antonin,413-737-3195
997,Gwyn,508-212-6514
998,Daren,425-700-9917
999,Catharine,332-549-7284
1000,Lanita,469-876-7603
